ORL,IND
45,41
LAC,LAL
49,56
CHI,MIA
42,48
BRK,CLE
42,40
ATL,DAL
45,55
WAS,DET
44,48
LAL,GSW
43,61
CHA,HOU
37,45
ORL,MIN
57,50
IND,NOP
40,39
MIL,NYK
39,39
MIA,PHI
58,51
POR,PHO
41,47
DEN,SAC
39,41
MEM,SAS
47,51
BOS,TOR
35,43
OKC,UTA
39,42
NYK,CHI
40,34
GSW,LAC
52,51
TOR,ATL
47,46
MIL,BOS
41,38
MIA,BRK
39,41
CLE,CHA
36,36
POR,DEN
58,42
DAL,HOU
47,45
SAS,LAL
43,38
DET,MEM
49,46
OKC,MIN
36,41
NOP,ORL
38,50
UTA,PHO
36,37
LAC,SAC
47,42
PHI,WAS
54,50
MEM,DAL
40,39
SAC,GSW
36,50
CLE,IND
32,42
TOR,MIL
38,43
CHA,NOP
33,44
CHI,PHI
45,53
SAS,POR
53,53
HOU,UTA
43,38
BOS,DET
34,36
ATL,LAL
49,47
WAS,MIA
47,48
MIN,NYK
45,49
PHO,OKC
46,37
BRK,ORL
38,49
MIN,CLE
39,44
HOU,LAC
48,64
BOS,MEM
40,41
GSW,PHI
56,36
UTA,BRK
35,44
LAL,DAL
51,62
SAS,DEN
44,44
IND,DET
47,38
PHO,NOP
51,47
CHA,NYK
38,43
HOU,POR
47,46
ATL,SAC
47,45
MIA,TOR
51,37
UTA,BOS
38,47
TOR,CHA
42,39
CHI,IND
31,43
NOP,MEM
42,38
CLE,MIL
50,49
GSW,MIN
50,38
DAL,OKC
45,48
LAC,ORL
39,45
WAS,PHI
61,45
PHO,SAS
49,47
ATL,DEN
51,56
LAL,HOU
52,36
LAC,MIA
44,43
NYK,CHA
54,35
UTA,CHI
32,41
OKC,DET
43,50
TOR,IND
38,42
DAL,MIN
54,49
LAL,NOP
37,41
BOS,ORL
36,37
CLE,PHI
39,47
DEN,PHO
44,49
SAC,POR
42,49
GSW,SAS
37,36
BRK,WAS
47,51
ORL,ATL
46,49
IND,BRK
44,43
PHI,CLE
58,59
LAC,HOU
51,42
GSW,MEM
43,47
BOS,MIA
56,46
DAL,MIL
39,42
POR,SAC
45,39
UTA,TOR
37,50
MIN,LAL
54,45
SAS,NYK
53,37
WAS,OKC
52,47
NOP,PHO
43,45
ORL,BOS
46,56
ATL,CHA
45,38
CLE,CHI
36,38
TOR,HOU
46,44
MEM,IND
35,43
MIN,LAC
51,48
SAS,PHI
57,39
DET,POR
45,53
DEN,UTA
41,34
WAS,DAL
42,51
DET,GSW
40,50
NOP,LAL
37,55
MIL,MIA
44,58
NYK,ATL
49,40
CHA,BOS
33,36
LAL,DEN
45,46
OKC,LAC
41,45
TOR,MEM
39,41
CLE,MIN
41,56
MIL,ORL
38,44
HOU,PHI
58,54
PHO,POR
42,41
BRK,SAC
34,49
WAS,SAS
38,47
NOP,UTA
47,46
OKC,GSW
50,59
HOU,NYK
40,46
PHI,ATL
45,49
POR,BOS
49,44
CHA,CLE
40,36
MIN,DEN
52,54
MIL,IND
38,45
MEM,LAL
38,45
DAL,MIA
49,45
BRK,PHO
40,44
DET,SAC
44,44
CHI,TOR
43,34
SAS,UTA
39,40
MIA,CHA
41,37
IND,CHI
38,51
UTA,GSW
43,50
DEN,HOU
53,50
BRK,LAC
45,50
OKC,MIL
39,38
BOS,MIN
39,47
PHI,NOP
41,65
ATL,NYK
53,44
DAL,ORL
53,41
CLE,WAS
46,43
DET,LAL
50,57
MEM,SAC
44,40
POR,TOR
59,45
POR,BRK
49,34
CHA,CHI
40,33
PHI,DAL
44,43
MEM,LAC
44,41
DEN,OKC
48,51
GSW,UTA
44,39
NYK,DET
39,42
BOS,HOU
39,50
ATL,MIA
44,51
PHO,SAC
47,47
MIN,WAS
47,48
DET,ATL
41,40
BRK,CHA
41,41
WAS,CLE
46,41
HOU,DAL
54,53
MEM,GSW
37,41
POR,MIL
46,40
LAC,MIN
52,39
UTA,NOP
45,45
IND,NYK
42,45
MIA,ORL
53,44
TOR,PHI
50,41
SAC,PHO
44,53
BOS,SAS
43,47
CHI,DEN
41,47
LAC,OKC
46,45
IND,BOS
44,40
PHO,CHA
43,35
UTA,DAL
46,45
ATL,DET
45,39
GSW,LAL
43,50
SAS,MEM
49,38
BRK,MIN
36,51
CLE,NOP
49,42
MIL,PHI
49,52
CHI,POR
37,48
WAS,TOR
42,42
BOS,ATL
37,41
DAL,DEN
42,46
POR,GSW
47,43
MIN,HOU
48,58
PHI,IND
39,40
SAC,LAC
42,44
ORL,MIA
44,43
CHA,MIL
43,35
CLE,SAS
43,62
NYK,WAS
47,44
DET,BRK
43,49
CHI,LAC
36,56
SAC,LAL
43,48
UTA,OKC
32,41
PHO,ORL
57,45
BOS,CHA
44,36
DEN,DAL
49,43
MIL,DET
39,55
MIN,IND
32,48
HOU,MEM
40,38
PHO,MIA
41,46
NYK,POR
44,46
NOP,SAS
39,54
CHI,UTA
32,40
ORL,ATL
50,39
GSW,NOP
47,50
BRK,TOR
43,45
LAL,WAS
57,52
MEM,BOS
39,45
LAL,BRK
47,42
IND,CHA
42,29
MIA,CLE
39,39
GSW,DAL
41,51
CHI,DET
48,36
ATL,HOU
40,57
NYK,LAC
35,38
WAS,MIL
47,47
DEN,MIN
53,45
SAS,OKC
43,43
PHI,ORL
45,47
POR,PHO
46,52
DAL,ATL
38,34
CLE,BOS
36,49
MIL,CHA
33,38
NYK,DEN
40,40
LAL,DET
50,45
BRK,HOU
43,58
WAS,IND
35,47
GSW,OKC
50,42
SAS,ORL
50,43
NOP,PHI
59,54
LAC,SAC
43,48
MIA,TOR
45,36
PHO,UTA
49,45
CHI,CLE
45,44
MIN,DAL
51,52
BRK,MEM
43,43
BOS,MIL
39,44
UTA,PHO
48,49
HOU,SAS
53,53
ATL,WAS
43,50
PHI,DET
45,51
IND,LAC
47,40
POR,LAL
47,50
CHA,MIA
39,44
NOP,NYK
48,47
MIN,OKC
46,58
GSW,SAC
57,49
DEN,TOR
54,43
NOP,CHI
61,56
IND,POR
48,41
ATL,SAS
53,48
HOU,UTA
49,53
ORL,WAS
33,42
MIL,BOS
45,49
DEN,BRK
50,32
CHA,DAL
33,41
TOR,GSW
48,52
PHO,MEM
44,51
DET,MIA
48,45
ORL,PHI
53,57
OKC,SAC
43,45
LAC,ATL
43,54
DEN,CLE
42,42
PHO,HOU
47,40
DET,MIL
40,45
DAL,NOP
48,45
OKC,POR
44,52
IND,UTA
43,37
NYK,BRK
60,33
MIA,CHI
38,47
LAC,MEM
49,32
CLE,ATL
43,55
DEN,BOS
40,49
PHI,CHA
43,46
GSW,HOU
29,43
OKC,NOP
46,36
ORL,NYK
40,61
TOR,PHO
40,46
UTA,POR
43,63
LAL,SAC
53,47
MIL,WAS
48,41
DET,CHI
46,33
LAC,CLE
35,35
GSW,MEM
52,33
BRK,MIL
39,37
MIA,MIN
47,29
DEN,PHI
42,43
DAL,POR
54,48
IND,SAS
47,54
SAC,UTA
42,44
MIA,DET
51,43
ORL,HOU
40,42
TOR,LAL
44,43
BOS,NYK
53,31
IND,OKC
41,52
GSW,CHA
52,49
ORL,MEM
36,46
LAC,PHI
40,36
DAL,SAC
42,47
POR,UTA
46,37
DEN,WAS
37,37
OKC,ATL
42,40
BOS,BRK
46,42
MIL,CHI
32,34
NYK,CLE
50,51
MIN,DET
52,47
MIA,IND
37,39
PHO,LAL
51,44
SAS,TOR
58,48
LAC,BOS
40,39
ORL,CHA
45,35
DAL,GSW
45,49
OKC,MEM
49,40
SAS,MIL
50,31
PHI,MIN
48,44
DET,NOP
47,47
CHI,NYK
30,36
UTA,SAC
61,39
LAC,BRK
32,41
HOU,POR
45,47
WAS,ATL
46,45
NYK,BOS
37,40
UTA,DEN
46,43
BRK,DET
48,42
HOU,GSW
51,49
CHA,IND
43,44
CHI,MIL
41,37
MEM,NOP
46,48
LAL,OKC
43,55
CLE,ORL
50,48
SAC,PHO
44,53
MIN,SAS
49,58
PHI,TOR
46,49
LAL,CHA
37,41
TOR,CHI
45,37
MIL,DAL
41,52
CLE,MIA
49,50
ATL,NYK
55,52
POR,PHI
73,48
SAS,UTA
49,41
LAC,WAS
48,43
NOP,DEN
44,44
POR,DET
48,47
MIN,MEM
47,42
ORL,OKC
44,44
GSW,PHO
45,48
HOU,SAC
38,42
LAL,ATL
44,56
MIN,BOS
45,45
PHI,BRK
45,68
ORL,CHI
38,33
DET,IND
45,41
SAS,LAC
43,50
UTA,MIA
44,51
WAS,NYK
50,44
SAC,CHA
34,43
POR,CLE
56,57
OKC,DEN
48,41
NOP,GSW
38,46
LAL,MEM
44,42
SAC,ATL
46,62
DET,BOS
51,46
WAS,BRK
50,48
MEM,DAL
45,45
CHI,HOU
43,52
NOP,LAC
44,44
IND,MIA
37,42
NYK,MIL
55,42
POR,MIN
54,53
UTA,ORL
41,35
SAS,PHO
48,45
CHA,TOR
45,47
SAS,GSW
51,50
CHI,OKC
37,52
UTA,ATL
38,55
MIL,CLE
50,50
TOR,DAL
53,56
PHO,DEN
47,39
CHA,DET
47,54
HOU,IND
36,55
MIN,LAL
38,49
SAC,MIA
50,61
BRK,PHI
57,60
WAS,BOS
49,46
UTA,CHA
42,38
CLE,CHI
40,47
HOU,DET
53,41
LAL,GSW
30,50
DEN,LAC
37,52
PHI,MIL
48,50
MEM,NYK
40,39
SAC,ORL
51,47
DAL,PHO
47,59
NOP,POR
50,51
OKC,SAS
55,44
BOS,IND
38,50
MIN,LAC
51,53
TOR,OKC
44,35
IND,BRK
47,35
MIL,CHA
52,53
DET,CLE
56,42
GSW,DEN
43,34
DAL,HOU
51,45
UTA,MEM
46,50
ATL,MIA
61,56
NYK,ORL
49,45
LAL,PHO
36,56
NOP,SAC
49,38
TOR,SAS
44,50
CHI,BRK
41,30
LAC,GSW
44,50
MIA,LAL
50,47
OKC,NYK
58,44
HOU,SAS
57,42
ATL,CLE
62,57
SAS,DAL
44,44
MEM,HOU
43,36
LAC,POR
57,55
MIL,BRK
42,46
OKC,CHA
41,39
PHO,GSW
36,53
WAS,MIN
46,47
DEN,NOP
39,53
TOR,NYK
41,40
DET,ORL
44,49
MIA,SAC
49,46
LAL,UTA
47,49
CHA,ATL
55,53
CLE,BOS
46,47
DAL,CHI
54,35
NOP,HOU
51,44
BRK,IND
44,46
UTA,LAC
39,38
DEN,MEM
43,55
MIN,MIL
54,45
PHI,PHO
48,53
MIA,POR
53,50
NYK,TOR
46,51
DET,WAS
38,52
GSW,CLE
52,48
PHI,LAL
45,43
HOU,OKC
38,57
ATL,ORL
51,49
SAC,SAS
48,52
MIA,DEN
45,46
WAS,DET
46,42
PHO,LAC
53,38
CHI,MEM
34,35
DAL,MIN
47,42
POR,NOP
51,50
CHA,UTA
38,42
ATL,BOS
38,40
TOR,CHI
33,32
SAC,HOU
49,46
CLE,IND
30,39
MIL,LAL
46,36
POR,OKC
44,39
GSW,ORL
47,39
BRK,SAS
42,49
PHI,DEN
52,41
CHA,LAC
35,58
NOP,MIN
51,52
IND,TOR
37,41
DAL,WAS
36,38
BOS,CHI
34,37
ORL,CLE
39,37
GSW,MIA
61,48
BRK,OKC
40,43
MEM,PHO
47,45
CHA,POR
41,75
PHI,SAC
47,42
NYK,SAS
48,51
MIL,UTA
40,43
GSW,ATL
45,47
NOP,BOS
40,38
LAC,DAL
49,57
MEM,DEN
42,52
NYK,HOU
46,44
UTA,LAL
46,52
TOR,WAS
51,38
CLE,BRK
39,39
ATL,CHI
40,39
NOP,IND
34,46
OKC,MIN
48,50
MIA,ORL
46,41
MIL,PHO
47,53
PHI,POR
44,39
CHA,SAC
54,48
LAC,SAS
40,54
IND,CLE
36,33
NYK,DAL
42,38
MEM,DET
51,39
DEN,LAL
65,45
TOR,MIA
46,41
BOS,OKC
46,52
GSW,WAS
52,43
ATL,BRK
35,41
ORL,LAC
37,46
MIN,PHI
62,46
WAS,CHA
45,37
PHO,CHI
39,42
PHI,CLE
38,57
LAL,DAL
45,53
BOS,DEN
39,57
TOR,IND
35,33
SAS,MEM
50,52
NOP,MIA
39,49
GSW,MIL
49,36
DET,NYK
35,42
POR,SAC
49,47
OKC,UTA
41,48
IND,ATL
44,44
GSW,BRK
45,39
LAL,HOU
43,46
BOS,LAC
44,47
PHO,MIN
49,40
WAS,NOP
48,39
ORL,POR
40,54
DAL,SAS
46,49
DET,TOR
38,46
OKC,DEN
36,51
MIA,NYK
44,53
HOU,ATL
35,41
MIA,BRK
40,47
BOS,GSW
45,46
WAS,IND
31,43
LAL,LAC
33,52
PHO,MEM
49,48
CHI,MIL
30,35
CHA,MIN
45,57
DAL,NOP
55,39
DET,PHI
51,49
ORL,SAC
34,44
CLE,UTA
52,48
CHA,CHI
41,44
NOP,DAL
45,41
ORL,DEN
41,56
PHO,DET
50,47
MIL,OKC
44,45
NYK,PHI
45,41
BOS,POR
48,50
BRK,TOR
38,43
HOU,WAS
46,45
ATL,MEM
47,49
CLE,SAC
38,57
MIN,SAS
38,51
HOU,BOS
45,41
WAS,CHI
46,43
ORL,DAL
41,53
SAS,NOP
40,45
PHO,NYK
40,42
MIL,TOR
44,52
DEN,UTA
44,52
NYK,CHA
45,44
SAC,IND
43,51
CLE,LAL
54,57
OKC,MEM
38,36
TOR,BOS
41,33
DEN,GSW
57,48
DAL,LAC
63,59
MEM,MIL
38,37
SAC,MIN
50,47
HOU,NOP
41,43
CHI,ORL
60,59
CHA,PHI
40,45
LAL,PHO
49,53
CLE,POR
45,53
UTA,SAS
48,50
MIA,WAS
44,51
BRK,ATL
69,48
OKC,HOU
44,45
NYK,IND
38,53
LAL,BOS
49,51
CLE,DEN
47,54
UTA,DET
52,36
SAC,MEM
38,42
LAC,NYK
41,36
GSW,OKC
59,56
CHA,ORL
46,48
MIA,PHI
46,33
DAL,PHO
53,49
POR,SAS
49,46
MIN,TOR
39,45
CHI,WAS
44,46
MIA,CHA
46,43
PHI,CHI
36,46
POR,DAL
55,49
MIL,HOU
51,48
LAC,IND
38,47
UTA,MIN
28,42
GSW,NOP
43,34
DET,WAS
46,45
SAC,OKC
38,48
BOS,ORL
36,34
DEN,PHO
45,54
MIL,SAS
39,54
LAL,TOR
49,53
MIA,ATL
53,54
TOR,CHA
49,41
LAL,CHI
43,46
DAL,CLE
42,38
LAC,DET
49,42
IND,GSW
49,45
POR,HOU
52,61
NOP,MEM
40,38
BRK,NYK
51,32
PHI,WAS
41,42
ORL,BRK
40,50
BOS,MIA
38,43
SAC,NOP
51,38
POR,OKC
47,52
MIN,UTA
49,46
LAC,CHA
45,44
CHI,CLE
47,41
SAC,HOU
46,51
DET,MIL
40,49
PHI,NYK
51,52
ATL,ORL
50,47
IND,PHO
43,56
OKC,SAS
55,50
DAL,TOR
41,39
BOS,WAS
56,49
LAL,MIA
49,53
DEN,POR
49,42
SAS,ATL
52,31
OKC,BOS
48,37
DAL,BRK
44,47
LAC,CHI
54,46
MIL,CLE
37,41
NOP,DET
44,43
MIN,GSW
56,58
MEM,HOU
40,46
CHA,NYK
47,64
LAL,ORL
53,48
TOR,PHI
48,44
WAS,PHO
45,41
IND,SAC
49,51
CHI,CHA
42,43
IND,DEN
42,48
HOU,MEM
39,48
ATL,MIL
53,43
OKC,PHI
44,38
MIN,POR
47,50
LAC,TOR
58,50
WAS,UTA
46,48
BRK,BOS
39,35
PHO,CLE
43,39
DET,DAL
47,50
POR,GSW
34,48
SAS,MIA
44,51
ORL,NOP
39,42
LAL,NYK
50,54
DEN,SAC
52,46
TOR,BRK
46,48
MIN,CHI
39,40
LAC,MIL
57,38
ATL,OKC
55,56
PHO,PHI
52,48
SAC,UTA
42,39
NOP,CLE
43,39
ORL,DET
40,45
WAS,GSW
44,37
SAS,HOU
41,38
IND,LAL
47,42
BOS,NYK
38,54
MEM,POR
49,34
PHI,BOS
44,39
HOU,DAL
50,45
CHA,DEN
38,48
WAS,LAC
48,42
OKC,MIA
57,40
PHO,MIL
54,45
NOP,MIN
31,37
MEM,SAC
45,43
CHI,SAS
41,38
ORL,TOR
34,51
LAC,GSW
39,51
PHO,IND
47,39
CLE,NYK
39,55
OKC,BRK
54,46
SAC,DAL
45,40
TOR,DEN
45,44
CHA,LAL
48,42
MEM,MIN
42,45
MIL,ORL
49,50
ATL,PHI
53,38
GSW,UTA
43,38
MIN,ATL
43,52
PHI,DET
43,48
CLE,HOU
46,48
BRK,IND
41,34
UTA,LAC
39,40
MIL,MEM
39,44
CHI,NOP
30,42
MIA,NYK
49,44
CHA,PHO
41,46
TOR,POR
46,43
SAC,SAS
39,42
OKC,WAS
35,49
ORL,BOS
38,45
PHI,BRK
45,42
CLE,DAL
45,56
LAC,DEN
48,45
ORL,IND
40,46
DET,MIA
40,46
NYK,MIL
49,47
SAS,NOP
43,42
MEM,OKC
34,38
CHI,SAC
26,38
TOR,UTA
43,35
POR,WAS
42,44
IND,ATL
39,40
CHA,GSW
42,33
LAL,MIN
43,45
CHI,PHO
41,39
LAL,CLE
60,43
MIL,DEN
43,49
PHO,HOU
50,50
MIA,LAC
54,44
DAL,MEM
50,43
ATL,NOP
52,45
POR,NYK
38,40
MIN,OKC
43,54
DET,ORL
45,50
BOS,PHI
49,49
TOR,SAC
46,36
SAS,WAS
57,49
SAS,BRK
36,50
CHI,GSW
36,51
SAC,BOS
36,49
UTA,DAL
43,48
BRK,DET
44,52
POR,IND
52,47
TOR,LAC
41,45
MIN,NOP
32,47
DEN,NYK
39,59
OKC,ORL
47,43
LAL,PHI
53,52
CLE,WAS
46,54
MEM,ATL
41,38
SAS,CHA
44,45
DEN,DET
56,58
HOU,MIL
50,46
POR,MIN
48,45
GSW,PHO
49,54
MIA,UTA
36,46
DAL,BOS
47,44
NOP,BRK
36,41
MEM,CLE
36,45
PHI,LAC
30,59
CHI,LAL
41,42
NYK,OKC
47,52
IND,ORL
46,39
SAC,WAS
31,42
SAS,DET
48,48
PHI,GSW
35,55
DEN,IND
34,50
BOS,MIL
49,37
HOU,MIN
50,37
NOP,TOR
45,46
DAL,CHA
42,57
ATL,CHI
45,51
SAC,CLE
42,53
UTA,LAL
43,37
WAS,MEM
41,36
MIA,PHO
45,47
OKC,POR
47,39
SAS,BOS
50,43
CHA,BRK
46,53
CLE,DET
39,37
MIA,GSW
52,49
WAS,HOU
60,44
DAL,IND
35,34
POR,LAC
56,50
NOP,MIL
47,45
DEN,MIN
42,57
SAC,NYK
50,50
MEM,ORL
38,38
ATL,TOR
34,49
PHI,UTA
45,40
BRK,CHI
31,39
OKC,LAL
47,50
MIA,DAL
54,43
PHO,DEN
46,43
CHA,DET
46,44
ATL,IND
49,48
SAS,LAC
53,41
NYK,MEM
41,43
ORL,MIL
51,47
CLE,PHI
46,36
TOR,WAS
49,42
WAS,ATL
59,39
DET,CHA
46,50
ORL,CLE
41,38
HOU,LAL
70,55
IND,MIN
41,46
NYK,NOP
47,42
BOS,PHO
39,47
SAS,POR
52,49
GSW,SAC
42,39
CHI,TOR
43,38
BRK,UTA
50,46
HOU,GSW
46,46
DEN,MIL
47,39
MIA,OKC
46,30
NOP,CHA
44,34
DEN,CHI
42,52
ATL,DET
53,55
BOS,LAL
42,47
LAC,MEM
38,47
NYK,ORL
60,58
DAL,PHI
57,47
SAS,PHO
31,47
UTA,POR
43,46
CLE,TOR
38,47
NYK,ATL
49,48
MEM,CHA
38,38
DAL,DET
52,42
BRK,GSW
34,43
IND,MIL
45,44
BOS,SAC
40,43
MIN,UTA
54,40
NOP,WAS
41,39
WAS,CLE
49,32
SAC,DEN
42,48
BRK,LAL
48,46
CHI,MIA
35,46
LAC,OKC
55,55
HOU,PHO
46,53
MIN,POR
46,53
ORL,TOR
41,43
GSW,DET
51,44
LAC,NOP
59,44
DAL,NYK
56,54
MIL,PHI
60,51
BOS,UTA
41,50
CHI,ATL
45,52
TOR,CLE
45,39
POR,DEN
40,41
LAL,IND
47,52
MIN,PHO
47,45
HOU,SAC
52,41
ORL,WAS
51,52
ATL,BOS
47,51
GSW,CHI
35,42
NOP,DAL
45,51
HOU,LAC
42,49
LAL,MEM
53,49
CLE,OKC
51,52
ORL,PHI
48,37
BRK,POR
36,59
DET,SAS
50,53
PHO,UTA
37,51
BRK,DEN
49,36
MIL,IND
50,44
NYK,MIA
35,51
WAS,TOR
56,57
UTA,CLE
42,47
CHI,DAL
45,45
SAC,LAL
52,67
GSW,NYK
58,46
MEM,OKC
51,48
NOP,PHO
47,50
CHA,SAS
36,43
IND,BOS
44,45
DET,HOU
49,53
NOP,LAC
31,47
CLE,MEM
46,53
ORL,MIA
40,49
BRK,MIL
47,39
WAS,PHI
57,43
DEN,POR
40,42
MIN,SAC
42,44
NYK,CHI
40,47
UTA,IND
42,39
CHA,OKC
38,49
PHI,ORL
37,36
ATL,PHO
58,59
DAL,SAS
52,49
GSW,TOR
45,46
CHI,BRK
34,41
MIN,DEN
42,62
NYK,DET
42,39
CHA,MIA
51,62
UTA,MIL
37,50
LAL,POR
51,52
NOP,SAC
38,33
MEM,WAS
49,48
SAS,CLE
57,48
MIA,HOU
45,48
GSW,IND
47,39
NOP,LAL
53,56
PHI,OKC
42,50
LAC,PHO
48,46
GSW,BOS
51,37
MEM,BRK
40,53
IND,CHA
41,52
DAL,DEN
55,48
CHI,DET
48,41
SAC,MIL
47,42
NYK,MIN
58,46
HOU,ORL
46,41
ATL,POR
33,48
UTA,WAS
43,50
LAC,LAL
69,42
OKC,PHO
58,57
MIA,SAS
38,49
BRK,BOS
33,39
CLE,CHA
40,45
MEM,CHI
40,33
POR,DAL
45,41
LAL,DEN
57,68
ATL,GSW
47,49
IND,HOU
41,53
DET,MIN
42,47
MIL,NOP
45,50
UTA,NYK
36,54
SAC,TOR
35,44
NYK,CLE
52,45
ATL,LAC
50,49
CHA,MEM
42,51
WAS,MIL
58,43
UTA,PHI
47,41
ORL,SAS
53,52
DET,BOS
44,57
SAC,BRK
41,53
MIA,CHI
37,45
IND,DAL
39,44
PHO,GSW
46,55
POR,HOU
48,47
OKC,LAL
54,51
TOR,MIN
51,48
DEN,NOP
47,46
TOR,BRK
41,45
DEN,CHA
41,45
PHO,LAC
46,47
WAS,MIA
48,50
ORL,MIL
51,46
PHI,NYK
49,57
ATL,UTA
51,50
SAS,CHI
52,40
SAC,DET
37,45
DAL,GSW
35,53
BOS,IND
35,44
POR,MEM
42,53
MIL,MIN
44,49
HOU,OKC
42,45
NYK,BOS
53,42
GSW,LAC
44,51
BRK,MIA
46,42
MEM,NOP
36,35
DEN,ORL
57,54
SAC,PHI
41,41
CLE,PHO
50,49
POR,SAS
36,49
DET,TOR
43,45
DAL,UTA
55,45
CHA,WAS
43,44
MIL,ATL
40,49
HOU,CHI
33,57
LAL,OKC
50,58
PHO,BOS
39,32
MIN,CHA
41,52
CLE,GSW
50,46
DEN,MIA
47,49
POR,NOP
52,44
WAS,ORL
46,50
IND,PHI
48,43
LAL,SAS
35,61
MEM,TOR
35,45
LAC,UTA
46,42
DEN,ATL
42,47
SAC,CHI
33,37
IND,DET
48,44
MIL,NYK
39,50
MEM,PHI
42,37
BRK,WAS
45,44
CLE,LAC
37,50
HOU,MIA
46,49
CHA,MIL
48,44
SAC,MIN
47,40
BOS,NOP
57,50
DAL,OKC
53,38
GSW,POR
53,49
UTA,SAS
47,59
PHO,TOR
49,49
PHO,BRK
43,50
ATL,CHA
52,39
OKC,CHI
44,34
BOS,DAL
43,42
LAC,DEN
41,44
UTA,HOU
38,59
PHI,IND
44,37
TOR,ATL
47,51
MIA,CLE
46,44
ORL,GSW
39,47
MIL,POR
53,54
WAS,SAC
51,46
MIA,BOS
44,52
CHA,BRK
49,46
MIN,DAL
54,56
DET,DEN
53,55
SAS,LAL
62,48
UTA,MEM
44,38
TOR,NOP
45,40
IND,NYK
36,36
CHI,PHI
44,48
ORL,PHO
38,56
OKC,CLE
48,44
MIL,GSW
42,51
MIN,HOU
50,65
WAS,POR
50,55
NOP,ATL
40,46
BOS,BRK
44,53
DEN,DAL
53,60
CHI,IND
33,36
WAS,LAL
52,50
MEM,MIA
39,42
NYK,PHI
41,44
DET,PHO
43,41
SAS,SAC
41,36
OKC,TOR
50,49
POR,CHA
43,57
PHI,CHI
31,36
HOU,CLE
50,52
SAS,GSW
45,34
DET,LAC
54,56
IND,MEM
33,38
MIA,NOP
45,50
ORL,UTA
38,40
BRK,DAL
45,45
WAS,DEN
46,51
ORL,LAL
43,43
PHO,MIN
58,48
CLE,NYK
51,47
MIL,SAC
46,51
ATL,TOR
38,42
PHO,ATL
50,38
HOU,CHA
51,36
IND,CHI
31,39
MIL,LAC
46,46
MIN,MEM
41,54
POR,MIA
39,42
BRK,NOP
43,49
DEN,OKC
39,56
PHI,SAS
47,57
DET,UTA
55,41
TOR,CLE
49,40
OKC,DAL
58,60
NYK,LAL
40,66
POR,ORL
39,43
TOR,BOS
47,41
BRK,CHA
57,54
CLE,DET
46,50
MIA,IND
34,37
ATL,MIN
38,52
LAC,NOP
46,41
NYK,SAC
55,39
DEN,SAS
45,51
MEM,UTA
40,37
PHO,WAS
51,43
POR,ATL
47,38
LAC,DAL
49,47
PHI,HOU
49,53
LAL,MIL
49,45
CLE,BRK
47,53
POR,CHI
45,36
SAS,DEN
68,41
MIA,DET
51,33
MEM,GSW
43,49
LAL,MIN
51,59
UTA,NOP
40,42
SAC,OKC
40,42
CHA,ORL
51,45
NYK,PHO
43,54
BOS,TOR
46,45
IND,WAS
30,41
SAC,DAL
45,41
LAC,HOU
54,39
MIA,MIL
39,31
DET,PHI
39,60
NOP,SAS
35,46
ATL,WAS
43,45
CHI,BOS
45,50
MIN,BRK
42,55
IND,CLE
37,39
NYK,GSW
41,38
PHO,LAL
43,49
UTA,OKC
42,52
TOR,ORL
39,45
MEM,POR
46,44
PHI,ATL
47,43
WAS,CHA
47,37
BOS,CHI
38,41
MEM,DEN
43,42
MIL,DET
44,55
SAS,IND
45,32
TOR,MIA
43,41
LAC,MIN
50,51
SAC,NOP
41,41
NYK,UTA
42,41
HOU,BRK
42,50
GSW,DAL
67,61
POR,LAL
59,52
CHI,ATL
52,40
NOP,DEN
37,67
DET,IND
41,44
MIL,MIA
36,48
MEM,MIN
44,48
BRK,NYK
34,53
CLE,ORL
54,46
CHA,PHI
54,39
LAC,PHO
48,44
LAL,SAC
49,47
GSW,SAS
44,48
HOU,TOR
45,44
BOS,WAS
35,55
DAL,LAC
55,45
SAS,OKC
47,46
CLE,ATL
41,61
PHI,BOS
45,47
DET,BRK
50,61
ORL,CHA
34,39
MIL,CHI
33,38
SAC,GSW
26,52
OKC,HOU
51,46
DAL,LAL
49,42
DEN,MEM
36,34
MIN,MIA
55,54
WAS,NYK
43,48
PHO,POR
45,41
IND,TOR
39,50
NOP,UTA
42,37
CHA,CLE
43,42
BOS,DET
56,47
TOR,MIL
48,39
MIN,ORL
37,52
BRK,PHI
47,46
CHI,WAS
44,37
UTA,GSW
43,69
DEN,HOU
65,58
ATL,IND
53,37
LAL,LAC
43,57
NYK,MIA
48,46
OKC,PHO
49,56
NOP,POR
42,46
DAL,SAC
49,41
MEM,SAS
43,52
DET,ATL
43,43
HOU,LAL
67,58
BRK,MIA
45,40
SAS,MIN
40,47
OKC,SAC
50,37
DAL,UTA
49,40
BOS,ATL
49,49
DET,CLE
43,64
HOU,DEN
55,61
OKC,LAC
43,44
MIA,MEM
53,50
IND,MIL
52,42
CHI,MIN
52,38
PHO,NOP
48,40
BRK,ORL
48,54
SAC,POR
44,45
PHI,TOR
52,53
CHA,WAS
46,38
SAS,DAL
54,44
DEN,GSW
49,46
CHA,BOS
51,52
ATL,BRK
37,40
DET,CHI
45,45
GSW,LAL
58,44
PHI,MEM
45,49
IND,MIA
39,41
CLE,MIL
46,50
HOU,MIN
47,44
NOP,OKC
44,49
WAS,ORL
37,36
PHO,SAS
48,56
NYK,TOR
41,45
POR,UTA
51,46
MIA,ATL
41,46
PHI,CHA
46,46
BOS,CLE
54,42
PHO,DAL
44,50
UTA,DEN
36,42
NOP,HOU
48,45
SAC,LAC
39,50
MIL,WAS
37,48
ORL,BRK
43,46
TOR,DET
48,40
OKC,IND
43,47
MEM,LAL
50,46
CHI,NYK
35,46
GSW,POR
61,53
MIN,SAC
42,47
CHA,ATL
41,42
ORL,CHI
43,44
MIN,GSW
51,64
SAS,HOU
43,42
OKC,NOP
40,44
BOS,PHI
49,46
MEM,PHO
46,43
MIL,TOR
44,52
LAL,UTA
55,48
MIA,WAS
43,60
NYK,BRK
43,43
DEN,LAC
43,53
WAS,BOS
56,46
CHI,CHA
42,39
BRK,CLE
38,54
GSW,DEN
52,46
DAL,MEM
52,48
PHI,MIA
48,40
ATL,MIL
49,47
UTA,MIN
59,48
HOU,NOP
49,49
TOR,NYK
45,45
DET,OKC
50,43
IND,ORL
52,37
LAC,POR
42,52
PHO,SAC
48,41
LAL,SAS
56,51
ATL,IND
44,43
GSW,LAC
51,46
MEM,OKC
35,38
BRK,TOR
38,36
WAS,CHI
40,39
POR,HOU
51,51
CHA,MIA
44,46
DAL,SAS
41,38
GSW,LAC
40,59
MEM,OKC
47,46
WAS,CHI
47,43
ATL,IND
41,44
BRK,TOR
41,39
POR,HOU
48,42
CHA,MIA
46,44
DAL,SAS
53,42
IND,ATL
37,40
LAC,GSW
48,43
OKC,MEM
39,45
TOR,BRK
38,40
HOU,POR
57,51
CHI,WAS
46,45
IND,ATL
46,41
MIA,CHA
45,34
SAS,DAL
50,51
OKC,MEM
41,41
TOR,BRK
37,32
LAC,GSW
43,56
HOU,POR
52,56
CHI,WAS
39,43
MIA,CHA
48,42
SAS,DAL
41,39
ATL,IND
48,50
WAS,CHI
32,31
GSW,LAC
50,45
MEM,OKC
44,48
POR,HOU
45,51
DAL,SAS
51,49
BRK,TOR
51,49
IND,ATL
39,38
LAC,GSW
43,42
OKC,MEM
44,34
TOR,BRK
37,42
SAS,DAL
47,53
HOU,POR
41,44
ATL,IND
39,36
GSW,LAC
53,54
MEM,OKC
42,53
DAL,SAS
45,52
BRK,TOR
45,39
WAS,IND
45,41
LAC,OKC
60,48
BRK,MIA
43,51
POR,SAS
35,51
WAS,IND
41,36
LAC,OKC
46,52
BRK,MIA
41,45
POR,SAS
47,60
OKC,LAC
50,49
IND,WAS
38,28
MIA,BRK
39,53
SAS,POR
50,44
OKC,LAC
40,42
IND,WAS
43,41
MIA,BRK
45,39
SAS,POR
42,50
WAS,IND
46,36
LAC,OKC
50,40
BRK,MIA
45,38
POR,SAS
38,51
OKC,LAC
42,46
IND,WAS
39,33
MIA,IND
46,43
OKC,SAS
49,59
MIA,IND
42,41
OKC,SAS
37,50
IND,MIA
37,47
SAS,OKC
46,43
IND,MIA
44,40
SAS,OKC
42,44
MIA,IND
49,43
OKC,SAS
41,52
IND,MIA
42,55
SAS,OKC
49,43
MIA,SAS
49,53
MIA,SAS
45,48
SAS,MIA
47,42
SAS,MIA
49,41
MIA,SAS
37,49
