ORL,IND
81,75
LAC,LAL
90,98
CHI,MIA
77,85
BRK,CLE
75,75
ATL,DAL
82,99
WAS,DET
78,87
LAL,GSW
78,107
CHA,HOU
70,81
ORL,MIN
104,92
IND,NOP
70,73
MIL,NYK
73,75
MIA,PHI
100,94
POR,PHO
74,90
DEN,SAC
73,74
MEM,SAS
86,91
BOS,TOR
67,81
OKC,UTA
72,78
NYK,CHI
71,65
GSW,LAC
92,93
TOR,ATL
87,82
MIL,BOS
76,72
MIA,BRK
71,74
CLE,CHA
68,69
POR,DEN
102,78
DAL,HOU
85,79
SAS,LAL
81,68
DET,MEM
91,86
OKC,MIN
65,74
NOP,ORL
70,89
UTA,PHO
67,68
LAC,SAC
82,78
PHI,WAS
102,91
MEM,DAL
77,71
SAC,GSW
66,89
CLE,IND
61,74
TOR,MIL
69,80
CHA,NOP
63,81
CHI,PHI
87,95
SAS,POR
100,98
HOU,UTA
77,72
BOS,DET
65,70
ATL,LAL
89,85
WAS,MIA
82,85
MIN,NYK
80,89
PHO,OKC
78,72
BRK,ORL
72,91
MIN,CLE
73,83
HOU,LAC
89,113
BOS,MEM
73,77
GSW,PHI
97,67
UTA,BRK
66,84
LAL,DAL
90,111
SAS,DEN
84,79
IND,DET
85,71
PHO,NOP
90,84
CHA,NYK
68,78
HOU,POR
88,82
ATL,SAC
86,80
MIA,TOR
92,68
UTA,BOS
75,87
TOR,CHA
77,75
CHI,IND
57,79
NOP,MEM
80,72
CLE,MIL
88,85
GSW,MIN
92,72
DAL,OKC
81,91
LAC,ORL
75,85
WAS,PHI
104,84
PHO,SAS
91,88
ATL,DEN
94,98
LAL,HOU
88,65
LAC,MIA
80,81
NYK,CHA
96,66
UTA,CHI
57,79
OKC,DET
80,89
TOR,IND
70,78
DAL,MIN
98,90
LAL,NOP
68,79
BOS,ORL
70,70
CLE,PHI
69,87
DEN,PHO
80,89
SAC,POR
78,88
GSW,SAS
66,67
BRK,WAS
88,92
ORL,ATL
84,92
IND,BRK
81,78
PHI,CLE
105,105
LAC,HOU
93,77
GSW,MEM
76,89
BOS,MIA
102,87
DAL,MIL
72,73
POR,SAC
81,75
UTA,TOR
71,90
MIN,LAL
98,80
SAS,NYK
94,68
WAS,OKC
92,88
NOP,PHO
82,83
ORL,BOS
85,107
ATL,CHA
80,71
CLE,CHI
67,72
TOR,HOU
84,81
MEM,IND
66,80
MIN,LAC
91,92
SAS,PHI
101,73
DET,POR
87,95
DEN,UTA
77,65
WAS,DAL
75,92
DET,GSW
77,92
NOP,LAL
71,99
MIL,MIA
77,104
NYK,ATL
86,75
CHA,BOS
63,65
LAL,DEN
82,86
OKC,LAC
76,84
TOR,MEM
70,76
CLE,MIN
77,101
MIL,ORL
71,79
HOU,PHI
101,97
PHO,POR
79,76
BRK,SAC
65,90
WAS,SAS
71,86
NOP,UTA
89,83
OKC,GSW
91,104
HOU,NYK
71,84
PHI,ATL
85,88
POR,BOS
89,81
CHA,CLE
72,68
MIN,DEN
98,101
MIL,IND
68,85
MEM,LAL
75,80
DAL,MIA
86,85
BRK,PHO
78,78
DET,SAC
82,78
CHI,TOR
79,63
SAS,UTA
74,75
MIA,CHA
76,66
IND,CHI
72,91
UTA,GSW
78,91
DEN,HOU
98,91
BRK,LAC
81,90
OKC,MIL
73,68
BOS,MIN
73,87
PHI,NOP
76,117
ATL,NYK
97,78
DAL,ORL
96,78
CLE,WAS
82,80
DET,LAL
92,104
MEM,SAC
84,73
POR,TOR
103,87
POR,BRK
90,65
CHA,CHI
73,60
PHI,DAL
82,77
MEM,LAC
83,75
DEN,OKC
88,89
GSW,UTA
76,71
NYK,DET
72,77
BOS,HOU
71,91
ATL,MIA
77,92
PHO,SAC
84,86
MIN,WAS
84,89
DET,ATL
76,76
BRK,CHA
73,77
WAS,CLE
84,73
HOU,DAL
96,95
MEM,GSW
71,77
POR,MIL
81,75
LAC,MIN
92,73
UTA,NOP
82,85
IND,NYK
75,82
MIA,ORL
91,73
TOR,PHI
86,75
SAC,PHO
81,91
BOS,SAS
82,86
CHI,DEN
79,85
LAC,OKC
84,86
IND,BOS
82,75
PHO,CHA
76,67
UTA,DAL
85,83
ATL,DET
82,75
GSW,LAL
77,89
SAS,MEM
91,73
BRK,MIN
67,91
CLE,NOP
90,78
MIL,PHI
90,97
CHI,POR
69,84
WAS,TOR
78,79
BOS,ATL
70,77
DAL,DEN
77,81
POR,GSW
84,79
MIN,HOU
88,99
PHI,IND
74,75
SAC,LAC
79,77
ORL,MIA
78,80
CHA,MIL
81,65
CLE,SAS
82,108
NYK,WAS
83,81
DET,BRK
81,84
CHI,LAC
68,104
SAC,LAL
78,88
UTA,OKC
60,77
PHO,ORL
103,84
BOS,CHA
79,69
DEN,DAL
90,81
MIL,DET
72,98
MIN,IND
61,88
HOU,MEM
74,72
PHO,MIA
74,85
NYK,POR
82,83
NOP,SAS
76,98
CHI,UTA
63,73
ORL,ATL
92,69
GSW,NOP
87,91
BRK,TOR
82,79
LAL,WAS
101,98
MEM,BOS
75,83
LAL,BRK
81,73
IND,CHA
74,55
MIA,CLE
74,68
GSW,DAL
73,95
CHI,DET
90,70
ATL,HOU
72,100
NYK,LAC
67,70
WAS,MIL
84,84
DEN,MIN
98,85
SAS,OKC
79,82
PHI,ORL
83,90
POR,PHO
85,94
DAL,ATL
67,65
CLE,BOS
68,87
MIL,CHA
61,73
NYK,DEN
74,71
LAL,DET
86,89
BRK,HOU
80,97
WAS,IND
64,85
GSW,OKC
92,78
SAS,ORL
92,77
NOP,PHI
110,96
LAC,SAC
80,90
MIA,TOR
81,64
PHO,UTA
90,85
CHI,CLE
84,81
MIN,DAL
91,97
BRK,MEM
77,79
BOS,MIL
74,80
UTA,PHO
87,86
HOU,SAS
93,97
ATL,WAS
79,88
PHI,DET
83,92
IND,LAC
86,76
POR,LAL
85,90
CHA,MIA
74,80
NOP,NYK
86,81
MIN,OKC
83,107
GSW,SAC
99,89
DEN,TOR
98,78
NOP,CHI
111,104
IND,POR
87,77
ATL,SAS
95,90
HOU,UTA
89,96
ORL,WAS
63,75
MIL,BOS
82,87
DEN,BRK
93,62
CHA,DAL
63,74
TOR,GSW
88,92
PHO,MEM
81,97
DET,MIA
89,81
ORL,PHI
100,103
OKC,SAC
79,80
LAC,ATL
82,96
DEN,CLE
78,79
PHO,HOU
83,71
DET,MIL
73,81
DAL,NOP
85,83
OKC,POR
83,96
IND,UTA
83,70
NYK,BRK
104,62
MIA,CHI
70,84
LAC,MEM
87,61
CLE,ATL
81,102
DEN,BOS
74,92
PHI,CHA
80,88
GSW,HOU
56,80
OKC,NOP
85,69
ORL,NYK
70,105
TOR,PHO
75,83
UTA,POR
82,109
LAL,SAC
94,84
MIL,WAS
90,74
DET,CHI
80,63
LAC,CLE
63,66
GSW,MEM
96,64
BRK,MIL
73,67
MIA,MIN
90,53
DEN,PHI
77,83
DAL,POR
100,87
IND,SAS
85,95
SAC,UTA
81,80
MIA,DET
91,79
ORL,HOU
72,74
TOR,LAL
84,77
BOS,NYK
92,56
IND,OKC
75,99
GSW,CHA
93,92
ORL,MEM
66,82
LAC,PHI
75,69
DAL,SAC
79,85
POR,UTA
86,73
DEN,WAS
67,69
OKC,ATL
80,71
BOS,BRK
81,81
MIL,CHI
62,65
NYK,CLE
90,93
MIN,DET
93,86
MIA,IND
70,73
PHO,LAL
95,83
SAS,TOR
103,86
LAC,BOS
74,72
ORL,CHA
83,66
DAL,GSW
82,86
OKC,MEM
89,74
SAS,MIL
96,60
PHI,MIN
87,81
DET,NOP
89,85
CHI,NYK
54,67
UTA,SAC
109,74
LAC,BRK
58,74
HOU,POR
85,86
WAS,ATL
88,83
NYK,BOS
69,73
UTA,DEN
84,79
BRK,DET
84,81
HOU,GSW
90,92
CHA,IND
82,80
CHI,MIL
75,70
MEM,NOP
86,87
LAL,OKC
79,102
CLE,ORL
92,85
SAC,PHO
82,94
MIN,SAS
87,106
PHI,TOR
83,88
LAL,CHA
67,80
TOR,CHI
85,68
MIL,DAL
77,94
CLE,MIA
88,92
ATL,NYK
95,96
POR,PHI
125,87
SAS,UTA
90,76
LAC,WAS
87,83
NOP,DEN
81,81
POR,DET
89,91
MIN,MEM
82,79
ORL,OKC
81,83
GSW,PHO
79,83
HOU,SAC
69,81
LAL,ATL
83,101
MIN,BOS
82,83
PHI,BRK
82,115
ORL,CHI
71,61
DET,IND
83,76
SAS,LAC
80,89
UTA,MIA
83,96
WAS,NYK
89,77
SAC,CHA
64,78
POR,CLE
97,105
OKC,DEN
91,77
NOP,GSW
71,87
LAL,MEM
81,79
SAC,ATL
86,109
DET,BOS
92,86
WAS,BRK
88,87
MEM,DAL
82,85
CHI,HOU
81,96
NOP,LAC
81,77
IND,MIA
69,79
NYK,MIL
93,76
POR,MIN
94,99
UTA,ORL
74,63
SAS,PHO
89,83
CHA,TOR
82,88
SAS,GSW
91,92
CHI,OKC
66,95
UTA,ATL
73,100
MIL,CLE
90,89
TOR,DAL
95,102
PHO,DEN
82,74
CHA,DET
91,96
HOU,IND
68,98
MIN,LAL
71,91
SAC,MIA
93,112
BRK,PHI
99,111
WAS,BOS
90,88
UTA,CHA
74,74
CLE,CHI
76,84
HOU,DET
97,81
LAL,GSW
56,88
DEN,LAC
68,91
PHI,MIL
86,93
MEM,NYK
79,72
SAC,ORL
90,86
DAL,PHO
91,103
NOP,POR
94,94
OKC,SAS
98,79
BOS,IND
70,91
MIN,LAC
96,99
TOR,OKC
80,63
IND,BRK
85,64
MIL,CHA
94,96
DET,CLE
102,76
GSW,DEN
79,65
DAL,HOU
91,83
UTA,MEM
81,89
ATL,MIA
105,102
NYK,ORL
88,82
LAL,PHO
66,98
NOP,SAC
90,69
TOR,SAS
81,91
CHI,BRK
77,55
LAC,GSW
84,90
MIA,LAL
91,80
OKC,NYK
103,82
HOU,SAS
102,79
ATL,CLE
113,106
SAS,DAL
81,83
MEM,HOU
81,67
LAC,POR
106,97
MIL,BRK
75,80
OKC,CHA
74,69
PHO,GSW
68,98
WAS,MIN
84,89
DEN,NOP
72,95
TOR,NYK
72,70
DET,ORL
83,94
MIA,SAC
87,87
LAL,UTA
87,89
CHA,ATL
100,90
CLE,BOS
83,85
DAL,CHI
95,67
NOP,HOU
92,82
BRK,IND
80,84
UTA,LAC
71,73
DEN,MEM
76,102
MIN,MIL
97,85
PHI,PHO
85,97
MIA,POR
98,89
NYK,TOR
85,87
DET,WAS
69,95
GSW,CLE
94,86
PHI,LAL
84,74
HOU,OKC
69,104
ATL,ORL
87,90
SAC,SAS
89,96
MIA,DEN
79,84
WAS,DET
85,78
PHO,LAC
94,69
CHI,MEM
62,70
DAL,MIN
88,78
POR,NOP
90,98
CHA,UTA
69,76
ATL,BOS
71,75
TOR,CHI
62,62
SAC,HOU
91,85
CLE,IND
59,73
MIL,LAL
86,65
POR,OKC
80,75
GSW,ORL
88,73
BRK,SAS
79,89
PHI,DEN
95,77
CHA,LAC
64,105
NOP,MIN
96,96
IND,TOR
69,75
DAL,WAS
66,71
BOS,CHI
66,72
ORL,CLE
71,70
GSW,MIA
107,88
BRK,OKC
71,77
MEM,PHO
91,82
CHA,POR
75,129
PHI,SAC
89,77
NYK,SAS
87,88
MIL,UTA
76,79
GSW,ATL
84,84
NOP,BOS
78,69
LAC,DAL
89,102
MEM,DEN
79,95
NYK,HOU
83,78
UTA,LAL
84,94
TOR,WAS
91,72
CLE,BRK
68,70
ATL,CHI
72,72
NOP,IND
65,85
OKC,MIN
88,93
MIA,ORL
86,74
MIL,PHO
84,94
PHI,POR
84,75
CHA,SAC
99,90
LAC,SAS
77,104
IND,CLE
64,60
NYK,DAL
79,70
MEM,DET
94,74
DEN,LAL
118,87
TOR,MIA
85,79
BOS,OKC
81,95
GSW,WAS
95,80
ATL,BRK
62,74
ORL,LAC
67,81
MIN,PHI
108,84
WAS,CHA
85,68
PHO,CHI
72,78
PHI,CLE
72,101
LAL,DAL
79,101
BOS,DEN
74,100
TOR,IND
65,65
SAS,MEM
93,98
NOP,MIA
75,89
GSW,MIL
88,67
DET,NYK
67,75
POR,SAC
88,87
OKC,UTA
76,88
IND,ATL
79,78
GSW,BRK
81,73
LAL,HOU
79,85
BOS,LAC
83,83
PHO,MIN
87,74
WAS,NOP
86,74
ORL,POR
73,99
DAL,SAS
85,89
DET,TOR
72,81
OKC,DEN
66,88
MIA,NYK
81,97
HOU,ATL
64,73
MIA,BRK
74,87
BOS,GSW
83,84
WAS,IND
57,80
LAL,LAC
62,97
PHO,MEM
87,90
CHI,MIL
54,63
CHA,MIN
82,105
DAL,NOP
96,75
DET,PHI
91,90
ORL,SAC
60,85
CLE,UTA
97,87
CHA,CHI
78,82
NOP,DAL
82,71
ORL,DEN
78,100
PHO,DET
87,91
MIL,OKC
76,80
NYK,PHI
84,77
BOS,POR
92,90
BRK,TOR
68,75
HOU,WAS
84,85
ATL,MEM
85,92
CLE,SAC
69,99
MIN,SAS
71,93
HOU,BOS
82,79
WAS,CHI
85,77
ORL,DAL
75,93
SAS,NOP
75,83
PHO,NYK
73,77
MIL,TOR
79,92
DEN,UTA
81,96
NYK,CHA
84,82
SAC,IND
82,96
CLE,LAL
95,101
OKC,MEM
71,68
TOR,BOS
71,62
DEN,GSW
102,87
DAL,LAC
114,101
MEM,MIL
71,68
SAC,MIN
95,86
HOU,NOP
78,78
CHI,ORL
108,112
CHA,PHI
75,84
LAL,PHO
92,102
CLE,POR
84,95
UTA,SAS
92,93
MIA,WAS
81,92
BRK,ATL
122,88
OKC,HOU
82,78
NYK,IND
72,96
LAL,BOS
86,95
CLE,DEN
89,94
UTA,DET
95,68
SAC,MEM
71,78
LAC,NYK
74,65
GSW,OKC
102,103
CHA,ORL
85,86
MIA,PHI
84,64
DAL,PHO
97,91
POR,SAS
90,84
MIN,TOR
75,79
CHI,WAS
79,86
MIA,CHA
85,79
PHI,CHI
70,86
POR,DAL
101,91
MIL,HOU
91,89
LAC,IND
71,85
UTA,MIN
49,78
GSW,NOP
80,66
DET,WAS
86,82
SAC,OKC
71,87
BOS,ORL
69,64
DEN,PHO
81,100
MIL,SAS
72,97
LAL,TOR
86,97
MIA,ATL
91,96
TOR,CHA
88,73
LAL,CHI
78,85
DAL,CLE
80,71
LAC,DET
89,82
IND,GSW
90,80
POR,HOU
96,106
NOP,MEM
75,69
BRK,NYK
88,56
PHI,WAS
78,79
ORL,BRK
73,90
BOS,MIA
71,81
SAC,NOP
93,71
POR,OKC
87,94
MIN,UTA
90,87
LAC,CHA
84,83
CHI,CLE
84,74
SAC,HOU
80,94
DET,MIL
76,90
PHI,NYK
93,89
ATL,ORL
91,88
IND,PHO
81,101
OKC,SAS
100,90
DAL,TOR
75,71
BOS,WAS
97,91
LAL,MIA
89,98
DEN,POR
88,80
SAS,ATL
93,60
OKC,BOS
91,69
DAL,BRK
78,84
LAC,CHI
95,86
MIL,CLE
67,78
NOP,DET
81,80
MIN,GSW
103,107
MEM,HOU
76,78
CHA,NYK
84,114
LAL,ORL
94,87
TOR,PHI
88,82
WAS,PHO
84,75
IND,SAC
90,90
CHI,CHA
73,80
IND,DEN
79,88
HOU,MEM
69,89
ATL,MIL
93,81
OKC,PHI
84,72
MIN,POR
85,96
LAC,TOR
104,86
WAS,UTA
85,86
BRK,BOS
72,63
PHO,CLE
77,73
DET,DAL
90,93
POR,GSW
62,86
SAS,MIA
82,94
ORL,NOP
75,79
LAL,NYK
89,97
DEN,SAC
94,88
TOR,BRK
83,85
MIN,CHI
73,72
LAC,MIL
100,72
ATL,OKC
98,99
PHO,PHI
95,88
SAC,UTA
79,71
NOP,CLE
82,72
ORL,DET
72,84
WAS,GSW
78,67
SAS,HOU
76,71
IND,LAL
89,79
BOS,NYK
70,98
MEM,POR
92,64
PHI,BOS
81,71
HOU,DAL
91,85
CHA,DEN
71,87
WAS,LAC
93,78
OKC,MIA
98,77
PHO,MIL
96,83
NOP,MIN
60,70
MEM,SAC
86,81
CHI,SAS
78,71
ORL,TOR
62,88
LAC,GSW
70,96
PHO,IND
86,77
CLE,NYK
70,98
OKC,BRK
103,81
SAC,DAL
83,78
TOR,DEN
82,80
CHA,LAL
94,78
MEM,MIN
80,84
MIL,ORL
88,93
ATL,PHI
98,70
GSW,UTA
76,73
MIN,ATL
80,95
PHI,DET
81,89
CLE,HOU
84,89
BRK,IND
75,65
UTA,LAC
68,78
MIL,MEM
69,82
CHI,NOP
57,80
MIA,NYK
90,77
CHA,PHO
74,85
TOR,POR
86,78
SAC,SAS
73,78
OKC,WAS
66,90
ORL,BOS
71,86
PHI,BRK
82,74
CLE,DAL
82,100
LAC,DEN
90,85
ORL,IND
73,84
DET,MIA
74,85
NYK,MIL
83,83
SAS,NOP
81,78
MEM,OKC
66,72
CHI,SAC
48,74
TOR,UTA
80,67
POR,WAS
79,81
IND,ATL
73,73
CHA,GSW
79,62
LAL,MIN
76,82
CHI,PHO
76,70
LAL,CLE
102,81
MIL,DEN
79,88
PHO,HOU
92,89
MIA,LAC
95,81
DAL,MEM
92,80
ATL,NOP
90,85
POR,NYK
68,76
MIN,OKC
80,98
DET,ORL
84,94
BOS,PHI
90,91
TOR,SAC
82,68
SAS,WAS
105,93
SAS,BRK
65,96
CHI,GSW
68,91
SAC,BOS
67,89
UTA,DAL
74,86
BRK,DET
76,95
POR,IND
97,89
TOR,LAC
75,81
MIN,NOP
60,86
DEN,NYK
71,107
OKC,ORL
84,81
LAL,PHI
98,89
CLE,WAS
86,97
MEM,ATL
78,68
SAS,CHA
80,84
DEN,DET
97,108
HOU,MIL
92,86
POR,MIN
88,85
GSW,PHO
90,97
MIA,UTA
65,82
DAL,BOS
84,77
NOP,BRK
66,76
MEM,CLE
69,80
PHI,LAC
57,109
CHI,LAL
75,78
NYK,OKC
85,92
IND,ORL
81,73
SAC,WAS
60,76
SAS,DET
91,91
PHI,GSW
68,98
DEN,IND
62,96
BOS,MIL
91,68
HOU,MIN
89,68
NOP,TOR
84,82
DAL,CHA
79,102
ATL,CHI
80,94
SAC,CLE
76,94
UTA,LAL
80,70
WAS,MEM
75,69
MIA,PHO
81,82
OKC,POR
87,71
SAS,BOS
91,80
CHA,BRK
82,93
CLE,DET
73,70
MIA,GSW
94,89
WAS,HOU
104,78
DAL,IND
65,61
POR,LAC
99,96
NOP,MIL
88,84
DEN,MIN
75,102
SAC,NYK
90,91
MEM,ORL
74,72
ATL,TOR
64,87
PHI,UTA
82,77
BRK,CHI
57,74
OKC,LAL
86,90
MIA,DAL
98,77
PHO,DEN
81,81
CHA,DET
85,83
ATL,IND
86,87
SAS,LAC
97,76
NYK,MEM
76,80
ORL,MIL
91,82
CLE,PHI
86,67
TOR,WAS
91,80
WAS,ATL
105,72
DET,CHA
84,92
ORL,CLE
76,71
HOU,LAL
122,96
IND,MIN
76,86
NYK,NOP
84,77
BOS,PHO
73,83
SAS,POR
95,91
GSW,SAC
81,72
CHI,TOR
79,73
BRK,UTA
91,83
HOU,GSW
83,83
DEN,MIL
86,74
MIA,OKC
87,58
NOP,CHA
79,65
DEN,CHI
77,94
ATL,DET
93,102
BOS,LAL
80,87
LAC,MEM
69,89
NYK,ORL
105,107
DAL,PHI
105,89
SAS,PHO
60,89
UTA,POR
80,85
CLE,TOR
70,87
NYK,ATL
88,80
MEM,CHA
72,68
DAL,DET
96,82
BRK,GSW
66,80
IND,MIL
81,79
BOS,SAC
74,81
MIN,UTA
97,77
NOP,WAS
76,75
WAS,CLE
90,62
SAC,DEN
79,81
BRK,LAL
84,85
CHI,MIA
64,83
LAC,OKC
97,98
HOU,PHO
87,95
MIN,POR
83,93
ORL,TOR
77,77
GSW,DET
89,84
LAC,NOP
102,81
DAL,NYK
97,94
MIL,PHI
108,94
BOS,UTA
78,94
CHI,ATL
82,90
TOR,CLE
80,73
POR,DEN
68,78
LAL,IND
86,99
MIN,PHO
89,87
HOU,SAC
93,77
ORL,WAS
94,94
ATL,BOS
85,94
GSW,CHI
65,79
NOP,DAL
81,92
HOU,LAC
76,90
LAL,MEM
91,94
CLE,OKC
91,91
ORL,PHI
87,69
BRK,POR
68,105
DET,SAS
95,97
PHO,UTA
68,93
BRK,DEN
88,66
MIL,IND
88,82
NYK,MIA
66,96
WAS,TOR
107,102
UTA,CLE
70,90
CHI,DAL
81,79
SAC,LAL
99,115
GSW,NYK
102,82
MEM,OKC
92,86
NOP,PHO
89,90
CHA,SAS
69,77
IND,BOS
83,83
DET,HOU
94,95
NOP,LAC
59,85
CLE,MEM
85,97
ORL,MIA
76,92
BRK,MIL
84,73
WAS,PHI
102,81
DEN,POR
73,79
MIN,SAC
79,81
NYK,CHI
75,86
UTA,IND
78,73
CHA,OKC
68,90
PHI,ORL
69,71
ATL,PHO
102,103
DAL,SAS
97,88
GSW,TOR
82,84
CHI,BRK
64,75
MIN,DEN
80,112
NYK,DET
74,74
CHA,MIA
93,108
UTA,MIL
68,92
LAL,POR
94,95
NOP,SAC
70,65
MEM,WAS
92,87
SAS,CLE
100,86
MIA,HOU
83,88
GSW,IND
84,75
NOP,LAL
99,102
PHI,OKC
74,93
LAC,PHO
88,85
GSW,BOS
97,67
MEM,BRK
74,91
IND,CHA
72,95
DAL,DEN
101,85
CHI,DET
91,80
SAC,MIL
90,78
NYK,MIN
105,85
HOU,ORL
86,79
ATL,POR
62,83
UTA,WAS
78,94
LAC,LAL
126,76
OKC,PHO
103,99
MIA,SAS
72,89
BRK,BOS
62,70
CLE,CHA
77,81
MEM,CHI
75,64
POR,DAL
83,78
LAL,DEN
102,122
ATL,GSW
86,92
IND,HOU
75,93
DET,MIN
80,88
MIL,NOP
85,92
UTA,NYK
66,96
SAC,TOR
65,78
NYK,CLE
90,81
ATL,LAC
88,91
CHA,MEM
79,95
WAS,MIL
101,82
UTA,PHI
84,77
ORL,SAS
99,95
DET,BOS
84,104
SAC,BRK
77,94
MIA,CHI
67,83
IND,DAL
71,80
PHO,GSW
82,100
POR,HOU
87,85
OKC,LAL
96,89
TOR,MIN
88,89
DEN,NOP
87,87
TOR,BRK
76,79
DEN,CHA
77,82
PHO,LAC
85,90
WAS,MIA
84,90
ORL,MIL
93,84
PHI,NYK
92,101
ATL,UTA
89,90
SAS,CHI
92,72
SAC,DET
71,83
DAL,GSW
65,94
BOS,IND
67,84
POR,MEM
77,100
MIL,MIN
83,90
HOU,OKC
75,79
NYK,BOS
95,76
GSW,LAC
80,94
BRK,MIA
80,75
MEM,NOP
68,66
DEN,ORL
104,99
SAC,PHI
75,74
CLE,PHO
88,88
POR,SAS
68,87
DET,TOR
77,82
DAL,UTA
97,85
CHA,WAS
81,79
MIL,ATL
77,85
HOU,CHI
61,100
LAL,OKC
87,103
PHO,BOS
73,61
MIN,CHA
76,96
CLE,GSW
90,81
DEN,MIA
86,91
POR,NOP
90,85
WAS,ORL
82,93
IND,PHI
87,78
LAL,SAS
66,109
MEM,TOR
68,81
LAC,UTA
83,77
DEN,ATL
76,80
SAC,CHI
64,68
IND,DET
89,81
MIL,NYK
74,92
MEM,PHI
80,68
BRK,WAS
79,80
CLE,LAC
66,92
HOU,MIA
83,89
CHA,MIL
87,81
SAC,MIN
88,74
BOS,NOP
102,97
DAL,OKC
93,67
GSW,POR
95,86
UTA,SAS
89,108
PHO,TOR
87,91
PHO,BRK
80,91
ATL,CHA
91,69
OKC,CHI
75,63
BOS,DAL
77,75
LAC,DEN
77,82
UTA,HOU
72,105
PHI,IND
79,68
TOR,ATL
87,91
MIA,CLE
80,81
ORL,GSW
74,84
MIL,POR
98,96
WAS,SAC
91,86
MIA,BOS
84,91
CHA,BRK
89,83
MIN,DAL
98,103
DET,DEN
96,99
SAS,LAL
112,87
UTA,MEM
81,74
TOR,NOP
81,76
IND,NYK
67,68
CHI,PHI
80,85
ORL,PHO
70,101
OKC,CLE
86,80
MIL,GSW
81,94
MIN,HOU
88,114
WAS,POR
88,96
NOP,ATL
76,84
BOS,BRK
79,97
DEN,DAL
93,108
CHI,IND
61,70
WAS,LAL
94,93
MEM,MIA
75,77
NYK,PHI
75,78
DET,PHO
82,74
SAS,SAC
77,68
OKC,TOR
88,90
POR,CHA
77,106
PHI,CHI
61,67
HOU,CLE
88,98
SAS,GSW
80,65
DET,LAC
96,101
IND,MEM
60,71
MIA,NOP
82,93
ORL,UTA
69,69
BRK,DAL
79,80
WAS,DEN
87,91
ORL,LAL
80,80
PHO,MIN
104,88
CLE,NYK
93,82
MIL,SAC
88,95
ATL,TOR
71,76
PHO,ATL
88,68
HOU,CHA
90,68
IND,CHI
58,74
MIL,LAC
87,84
MIN,MEM
75,102
POR,MIA
67,79
BRK,NOP
76,89
DEN,OKC
69,101
PHI,SAS
83,101
DET,UTA
101,75
TOR,CLE
84,76
OKC,DAL
104,105
NYK,LAL
76,114
POR,ORL
71,80
TOR,BOS
83,73
BRK,CHA
97,100
CLE,DET
83,89
MIA,IND
62,67
ATL,MIN
69,95
LAC,NOP
79,79
NYK,SAC
95,72
DEN,SAS
83,94
MEM,UTA
76,69
PHO,WAS
88,80
POR,ATL
84,72
LAC,DAL
87,84
PHI,HOU
84,97
LAL,MIL
91,84
CLE,BRK
84,92
POR,CHI
80,69
SAS,DEN
123,76
MIA,DET
94,63
MEM,GSW
84,89
LAL,MIN
95,110
UTA,NOP
73,78
SAC,OKC
71,75
CHA,ORL
94,84
NYK,PHO
78,94
BOS,TOR
86,85
IND,WAS
58,75
SAC,DAL
87,75
LAC,HOU
96,71
MIA,MIL
71,58
DET,PHI
72,108
NOP,SAS
67,83
ATL,WAS
77,84
CHI,BOS
82,90
MIN,BRK
81,98
IND,CLE
66,73
NYK,GSW
73,66
PHO,LAL
78,93
UTA,OKC
78,93
TOR,ORL
72,83
MEM,POR
87,83
PHI,ATL
83,79
WAS,CHA
85,71
BOS,CHI
69,79
MEM,DEN
81,78
MIL,DET
83,101
SAS,IND
82,58
TOR,MIA
78,75
LAC,MIN
88,92
SAC,NOP
79,77
NYK,UTA
75,74
HOU,BRK
74,94
GSW,DAL
119,108
POR,LAL
105,93
CHI,ATL
92,72
NOP,DEN
72,119
DET,IND
75,83
MIL,MIA
68,87
MEM,MIN
84,91
BRK,NYK
60,95
CLE,ORL
99,81
CHA,PHI
96,74
LAC,PHO
85,80
LAL,SAC
86,89
GSW,SAS
80,92
HOU,TOR
81,78
BOS,WAS
67,100
DAL,LAC
96,84
SAS,OKC
85,86
CLE,ATL
77,109
PHI,BOS
84,85
DET,BRK
91,107
ORL,CHA
65,72
MIL,CHI
64,69
SAC,GSW
51,94
OKC,HOU
89,79
DAL,LAL
93,77
DEN,MEM
65,66
MIN,MIA
98,97
WAS,NYK
81,82
PHO,POR
84,76
IND,TOR
72,90
NOP,UTA
76,70
CHA,CLE
77,77
BOS,DET
98,85
TOR,MIL
84,77
MIN,ORL
73,95
BRK,PHI
88,82
CHI,WAS
79,71
UTA,GSW
82,121
DEN,HOU
116,103
ATL,IND
94,69
LAL,LAC
79,104
NYK,MIA
81,80
OKC,PHO
89,101
NOP,POR
80,87
DAL,SAC
85,77
MEM,SAS
81,95
DET,ATL
80,77
HOU,LAL
123,102
BRK,MIA
81,73
SAS,MIN
76,89
OKC,SAC
88,71
DAL,UTA
89,76
BOS,ATL
86,89
DET,CLE
77,117
HOU,DEN
95,111
OKC,LAC
81,80
MIA,MEM
91,93
IND,MIL
93,80
CHI,MIN
93,72
PHO,NOP
87,74
BRK,ORL
86,97
SAC,POR
83,83
PHI,TOR
96,94
CHA,WAS
81,75
SAS,DAL
92,83
DEN,GSW
88,86
CHA,BOS
95,93
ATL,BRK
73,74
DET,CHI
85,85
GSW,LAL
103,79
PHI,MEM
84,93
IND,MIA
70,76
CLE,MIL
88,94
HOU,MIN
83,85
NOP,OKC
79,93
WAS,ORL
72,68
PHO,SAS
87,99
NYK,TOR
76,75
POR,UTA
91,86
MIA,ATL
76,82
PHI,CHA
87,85
BOS,CLE
96,79
PHO,DAL
80,89
UTA,DEN
70,77
NOP,HOU
87,80
SAC,LAC
74,91
MIL,WAS
69,88
ORL,BRK
78,80
TOR,DET
87,75
OKC,IND
79,85
MEM,LAL
92,81
CHI,NYK
64,83
GSW,POR
105,96
MIN,SAC
77,88
CHA,ATL
76,76
ORL,CHI
79,83
MIN,GSW
94,113
SAS,HOU
82,80
OKC,NOP
71,79
BOS,PHI
89,89
MEM,PHO
86,81
MIL,TOR
82,90
LAL,UTA
100,90
MIA,WAS
79,106
NYK,BRK
75,76
DEN,LAC
78,97
WAS,BOS
106,85
CHI,CHA
76,73
BRK,CLE
68,100
GSW,DEN
96,83
DAL,MEM
96,91
PHI,MIA
86,70
ATL,MIL
90,87
UTA,MIN
112,88
HOU,NOP
84,92
TOR,NYK
81,82
DET,OKC
92,81
IND,ORL
93,69
LAC,POR
76,94
PHO,SAC
88,78
LAL,SAS
101,92
ATL,IND
77,77
GSW,LAC
91,82
MEM,OKC
68,72
BRK,TOR
72,64
WAS,CHI
76,73
POR,HOU
93,94
CHA,MIA
80,81
DAL,SAS
76,73
GSW,LAC
76,106
MEM,OKC
90,83
WAS,CHI
85,81
ATL,IND
72,80
BRK,TOR
75,76
POR,HOU
88,81
CHA,MIA
83,79
DAL,SAS
98,74
IND,ATL
69,68
LAC,GSW
88,80
OKC,MEM
73,86
TOR,BRK
69,73
HOU,POR
102,92
CHI,WAS
80,82
IND,ATL
83,71
MIA,CHA
81,61
SAS,DAL
94,93
OKC,MEM
74,76
TOR,BRK
68,60
LAC,GSW
76,97
HOU,POR
93,101
CHI,WAS
74,78
MIA,CHA
87,77
SAS,DAL
77,71
ATL,IND
81,86
WAS,CHI
62,56
GSW,LAC
90,82
MEM,OKC
81,84
POR,HOU
81,94
DAL,SAS
90,90
BRK,TOR
91,86
IND,ATL
72,67
LAC,GSW
75,77
OKC,MEM
81,65
TOR,BRK
67,78
SAS,DAL
87,98
HOU,POR
75,79
ATL,IND
67,69
GSW,LAC
92,100
MEM,OKC
79,95
DAL,SAS
81,94
BRK,TOR
82,74
WAS,IND
80,74
LAC,OKC
105,87
BRK,MIA
76,93
POR,SAS
66,95
WAS,IND
77,68
LAC,OKC
83,96
BRK,MIA
74,80
POR,SAS
87,108
OKC,LAC
94,91
IND,WAS
69,52
MIA,BRK
70,91
SAS,POR
93,80
OKC,LAC
73,81
IND,WAS
76,77
MIA,BRK
82,73
SAS,POR
81,93
WAS,IND
87,66
LAC,OKC
88,73
BRK,MIA
82,67
POR,SAS
71,93
OKC,LAC
75,86
IND,WAS
76,64
MIA,IND
86,78
OKC,SAS
86,109
MIA,IND
76,73
OKC,SAS
72,91
IND,MIA
68,84
SAS,OKC
82,80
IND,MIA
79,72
SAS,OKC
75,81
MIA,IND
83,80
OKC,SAS
76,91
IND,MIA
74,99
SAS,OKC
87,78
MIA,SAS
86,93
MIA,SAS
82,84
SAS,MIA
85,74
SAS,MIA
89,73
MIA,SAS
67,86
